{"cameraMode":{"drawMode":0,"name":"Shaded","section":"Shading Mode"},"sceneLighting":true,"audioPlay":false,"sceneViewState":{"showFog":true,"showMaterialUpdate":false,"showSkybox":true,"showFlares":true,"showImageEffects":true,"showParticleSystems":true,"showVisualEffectGraphs":true,"m_FxEnabled":true},"in2DMode":false,"pivot":{"x":-54.438697814941409,"y":-19.400001525878908,"z":124.39591217041016},"rotation":{"x":0.014999469742178917,"y":-0.008101077750325203,"z":0.00012759014498442411,"w":0.9998480677604675},"size":93.4554443359375,"orthographic":true}