{"cameraMode":{"drawMode":0,"name":"Shaded","section":"Shading Mode"},"sceneLighting":true,"audioPlay":false,"sceneViewState":{"showFog":true,"showMaterialUpdate":false,"showSkybox":true,"showFlares":true,"showImageEffects":true,"showParticleSystems":true,"showVisualEffectGraphs":true,"m_FxEnabled":true},"in2DMode":false,"pivot":{"x":-16.934335708618165,"y":-41.296573638916019,"z":84.82063293457031},"rotation":{"x":0.0029996559023857118,"y":-0.004502785392105579,"z":0.00000678010337651358,"w":0.9999783039093018},"size":99.67842102050781,"orthographic":true}