{"cameraMode":{"drawMode":0,"name":"Shaded","section":"Shading Mode"},"sceneLighting":false,"audioPlay":false,"sceneViewState":{"showFog":true,"showMaterialUpdate":false,"showSkybox":false,"showFlares":true,"showImageEffects":true,"showParticleSystems":true,"showVisualEffectGraphs":true,"m_FxEnabled":true},"in2DMode":false,"pivot":{"x":-0.19672346115112306,"y":1.4469060897827149,"z":10.135055541992188},"rotation":{"x":-0.0029851284343749286,"y":0.1003274992108345,"z":0.00029717368306592107,"w":0.9949448108673096},"size":6.659945487976074,"orthographic":true}